<keymap version="1" name="Visual Studio copy" parent="Visual Studio">
  <action id="$Redo">
    <keyboard-shortcut first-keystroke="shift ctrl z" />
    <keyboard-shortcut first-keystroke="shift alt back_space" />
  </action>
  <action id="CloseAllToTheRight">
    <keyboard-shortcut first-keystroke="ctrl y" />
  </action>
  <action id="CommentByLineComment">
    <keyboard-shortcut first-keystroke="ctrl alt slash" />
    <keyboard-shortcut first-keystroke="ctrl alt divide" />
    <keyboard-shortcut first-keystroke="ctrl k" second-keystroke="c" />
    <keyboard-shortcut first-keystroke="ctrl k" second-keystroke="ctrl c" />
    <keyboard-shortcut first-keystroke="ctrl k" second-keystroke="ctrl slash" />
    <keyboard-shortcut first-keystroke="ctrl k" second-keystroke="ctrl u" />
    <keyboard-shortcut first-keystroke="shift ctrl c" />
  </action>
  <action id="CopyAbsolutePath" />
  <action id="CopyPaths" />
  <action id="RemoteHostView.CopyPaths" />
  <action id="RiderUnitTestRunCurrentSessionTwAction" />
  <action id="WelcomeScreen.CopyProjectPath" />
</keymap>