<application>
  <component name="FileTypeManager" version="18">
    <extensionMap>
      <mapping pattern="Procfile" type="AUTO_DETECTED" />
      <mapping pattern="projectList-container.tsx" type="AUTO_DETECTED" />
      <mapping pattern="BaseServiceResponse" type="AUTO_DETECTED" />
      <mapping pattern="resetPassword.ts" type="AUTO_DETECTED" />
      <mapping ext="graphqlconfig" type="JSON" />
      <mapping pattern=".env.example" type="PLAIN_TEXT" />
      <mapping pattern=".prettierignore" type="PLAIN_TEXT" />
      <mapping pattern=".dockerignore" type="PLAIN_TEXT" />
      <mapping pattern=".env" type="PLAIN_TEXT" />
      <mapping pattern=".gitkeep" type="PLAIN_TEXT" />
      <mapping pattern=".env.placeholder" type="PLAIN_TEXT" />
      <mapping pattern=".env.dotenv" type="PLAIN_TEXT" />
      <mapping ext="geojson" type="PLAIN_TEXT" />
      <mapping ext="local" type="PLAIN_TEXT" />
      <mapping ext="csv" type="PLAIN_TEXT" />
      <mapping ext="graphql" type="PLAIN_TEXT" />
    </extensionMap>
  </component>
</application>